CONJUNTO,AMOSTRAS,PORCENTAGEM,VETOR,CUSTO,GAP,TIME,PARTS,N_GENETIC_OUTPUT
WEING1,6,0.8,[0 0 0 0 0 0 0 0 1 0 0 0 0 1 0 1 1 0 0 0 0 0 1 0 1 1 0 0],29643,0.7901796458047254,0.012372016906738281,2,5
